Rank,ETC_Pop_Word
1,에어컨청소
2,입주청소
3,이사청소
4,에어컨설치
5,벽걸이에어컨청소
6,티비무빙
7,에어컨설치비용
8,분리수거대행
9,매트리스청소
10,에어컨청소가격
11,화장실청소업체
12,거주청소
13,한경희홈케어
14,매트리스케어
15,반딧불이새집증후군
16,통돌이세탁기청소업체
17,서울세탁기청소
18,벽걸이설치
19,신축입주청소
20,한샘홈케어
21,세탁기청소업체
22,통돌이세탁기분해청소
23,드럼세탁기청소업체
24,부산에어컨청소
25,tv벽걸이설치
26,티비벽걸이설치
27,에어컨청소비용
28,에어컨분해청소
29,세탁기분해청소
30,이사청소가격
31,벽걸이tv설치
32,한경희에어컨청소
33,세탁조청소업체
34,한샘매트리스케어
35,부산벽걸이티비설치
36,삼성에어컨청소
37,tv설치
38,미소이사청소
39,미소입주청소
40,워터클린에어컨
41,한샘에어컨청소
42,인천에어컨설치
43,워터클린에어컨청소
44,벽걸이tv시공
45,통돌이세탁기분해청소가격
46,벽걸이에어컨청소비용
47,벽걸이에어컨청소업체
48,에어컨이전설치
49,식당청소업체
50,티비설치
51,하이마트에어컨청소
52,벽걸이시공
53,스탠드에어컨청소
54,부산입주청소
55,삼성세탁기청소
56,에어컨청소업체
57,캐리어에어컨청소
58,tv벽걸이시공
59,출장세차
60,빌트인세탁기청소
61,정리정돈업체
62,벽걸이에어컨청소가격
63,lg에어컨청소
64,벽걸이에어컨이전설치
65,액자형에어컨청소
66,티비벽걸이시공
67,tv무빙
68,대구벽걸이tv설치
69,벽걸이tv설치업체
70,이사청소추천
71,한경희입주청소
72,에어컨청소교육
73,부산시스템에어컨청소
74,세탁기분해설치
75,청주벽걸이티비설치
76,원티비
77,의정부벽걸이tv설치
78,벽걸이티비시공
79,티비이전설치
80,가게청소업체
81,경기도이사청소
82,착한수거
83,피아노운반
84,한샘세탁기청소
85,비아도
86,냉장고청소업체
87,대전벽걸이티비설치
88,엘지에어컨청소
89,입주청소추천
90,조이앤워시
91,드럼세탁기분해청소
92,부산좋은세탁기청소
93,새집입주청소
94,청소대행
95,벽걸이에어컨분해청소
96,중고에어컨설치
97,한경희이사청소
98,한스클린
99,tv벽걸이설치비용
100,tv이전설치
101,반딧불이새집증후군가격
102,부산티비설치
103,저렴한입주청소
104,한샘매트리스청소
105,수원피아노운반
106,액자형에어컨
107,10평입주청소
108,에어컨설치가격
109,청소연구소
110,대구시스템에어컨청소
111,대전에어컨청소
112,매트리스청소가격
113,매트리스청소업체
114,무점포창업
115,세탁기분해청소비용
116,한스클린이사청소
117,화장실청소업체가격
118,대전에어컨이전설치
119,매트리스클리닝
120,벽걸이티비이전설치
121,비치움홈케어
122,인터파크
123,입주청소가격
124,티브이설치
125,휴렉세탁기청소
126,17평입주청소
127,30평입주청소
128,광교상록자이
129,매트리스홈케어
130,바른손홈케어
131,바이오세라믹탄성코트
132,부산에어컨이전설치
133,부산오피스텔청소
134,삼성전자세탁기청소
135,휴렉홈케어
136,구미벽걸이tv설치
137,냉난방기청소
138,에어컨홈케어
139,침대매트리스청소업체
140,한스클린입주청소
141,드럼세탁기청소성남
142,메트리스케어
143,벽걸이tv이전설치
144,서울에어컨청소
145,오피스텔세탁기청소
146,퍼스트홈케어
147,한스클린거주청소
148,홈케어서비스
149,대구경북벽걸이led시계
150,매트리스케어비용
151,세탁기청소
152,업소용에어컨청소
153,에어컨세탁기청소
154,입주청소비용
155,대전벽걸이
156,세탁기분해설치비용
157,에어컨청소추천
158,통돌이청소업체
159,툴로만쇼
160,tv이전
161,대구입주청소
162,부산벽걸이tv설치
163,부천벽걸이티비설치
164,실내자전거수리
165,이사청소15만원
166,인계동세탁기분해
167,휴렉세탁기
168,6평입주청소
169,대전에어컨설치이전
170,벽걸이tv이전설치비용
171,부산벽걸이티비설치비용
172,부산화장실청소업체
173,사무실입주청소
174,스마트에어컨청소
175,아기사랑세탁기청소
176,에어컨완전분해청소
177,오피스텔입주청소
178,이사청소미소
179,노원벽걸이티비
180,대구당일이사청소
181,대전입주청소
182,동탄벽걸이에어컨청소
183,미세먼지방충망
184,벽걸이tv설치비
185,벽걸이설치가격
186,비치움
187,빌트인드럼세탁기청소
188,세탁기분해청소가격
189,세탁기청소교육
190,세탁기청소금액
191,세탁기청소토요일
192,스탠드에어컨청소가격
193,아파트유리창청소업체
194,안마의자분해
195,입주청소업체
196,중랑구벽걸이티비설치
197,창원벽걸이
198,쿨케어시스템
199,티비벽걸이설치비용
200,대구벽걸이티비설치
201,모래소독
202,미소에어컨청소
203,부산에어컨청소업체
204,부산통돌이세탁기청소업체
205,부산티비선정리
206,세탁기업체청소
207,소자본1인창업
208,쉬다이닝
209,안산벽걸이티비설치
210,에어컨청소업체추천
211,용인벽걸이tv설치
212,의정부티비벽걸이설치
213,인천벽걸이tv설치
214,인천입주청소
215,인천집청소
216,일산벽걸이티비설치
217,일산에어컨청소
218,청주벽걸이
219,냉장고분해청소
220,대전통돌이세탁기청소
221,벽걸이tv설치기사
222,벽걸이tv이전
223,벽걸이설치비용
224,부동산입주청소
225,부산드럼세탁기청소
226,분리수거대행서비스
227,새집증후군반딧불이
228,원주벽걸이tv설치
229,율하준공청소
230,이사/청소
231,인천벽걸이티비
232,전기레인저스
233,주택청소업체
234,천정에어컨청소
235,트윈워시청소
236,포항벽걸이티비설치
237,하이마트세탁조청소
238,25평이사청소비용
239,tv벽걸이설치가격
240,가평세탁기청소
241,김해통돌이세탁기분해청소
242,대구에어컨청소
243,대구이사청소당일
244,대전tv벽걸이
245,벽걸이led시계시공
246,벽걸이tv설치노원
247,벽걸이티비설치
248,벽걸이티비설치기사
249,부산tv이전
250,부산벽걸이티비선정리
251,부산천장형에어컨청소
252,분당벽걸이에어컨청소
253,삼성홈케어
254,서울중구벽걸이티비
255,세탁기청소업체가격
256,세탁기청소업체추천
257,세탁기통세척업체
258,세탁실탄성
259,숨고세탁기청소
260,신도림벽걸이선정리
261,안산벽걸이티비설치가격
262,에어컨청소서비스
263,영월벽걸이티비설치
264,온압보정기
265,입주청소17평
266,입주청소미소
267,입주청소평당만원
268,저렴한이사청소
269,증평벽걸이tv설치
270,춘천벽걸이tv설치
271,한샘메트리스케어
272,한스클린줄눈
273,해밀홈케어
274,10평이사청소
275,14평이사청소
276,52평이사청소
277,9평이사청소
278,가전/가구설치
279,강동구벽걸이tv설치
280,김포벽걸이tv설치
281,나주벽걸이tv설치
282,나주세탁기청소
283,당일세탁기청소
284,대구tv벽걸이
285,대구세탁기청소
286,드럼세탁기청소업체가격
287,벽걸이tv선정리업체
288,벽걸이tv설치금액
289,벽걸이에어컨청소비
290,벽걸이에어컨청소야간
291,벽걸이에어컨청소주말
292,벽걸이티비선시공
293,부산세탁기분해청소
294,부산티비이전설치
295,부천벽걸이티비선정리
296,삼성에어컨청소비용
297,서울입주청소
298,서천티비설치
299,세탁기분해청소효과
300,세탁기청소휴렉
301,속초한스클린입주청소
302,안산벽걸이tv설치
303,안산세탁기분해청소
304,안양벽걸이tv
305,안양벽걸이티비
306,에어컨설치만
307,에어컨설치청소
308,예산군벽걸이티비설치
309,울산에어컨청소가격
310,의정부벽걸이티비
311,의정부벽걸이티비선정리
312,이사미소
313,이사방역
314,이사청소20만원
315,이사청소서울
316,인천tv벽걸이
317,인천에어컨이전설치
318,일요일입주청소
319,전주벽걸이티비설치하는곳
320,줄눈시공업체
321,천안무타공벽걸이tv
322,청주벽걸이티비설치가격
323,클린데이에어컨청소
324,포항통돌이세탁기청소업체
325,하이마트매트리스케어
326,하이마트홈케어에어컨
327,한경희세탁기청소
328,호평동거주청소
329,홈케어청소
330,홍천벽걸이tv설치비용
331,휴렉에어컨
332,25평입주청소
333,39m아파트입주청소
334,40평이사청소
335,lg에어컨청소비용
336,lh입주청소
337,강서구입주청소
338,광주벽걸이tv무타공
339,구미당일티비벽걸이설치
340,금정구티비설치
341,대전벽걸이tv설치비용
342,대형tv이전
343,동두천벽걸이티비설치
344,동작구세탁기청소
345,롯데하이마트세탁기청소
346,매트리스케어가격
347,무타공벽걸이tv설치비용
348,반딧불이새집증후군비용
349,반딧불이홈케어
350,벽걸이tv견적
351,벽걸이티비설치대행
352,벽걸이형에어컨청소
353,별내벽걸이티비설치
354,부산tv설치
355,부산티비벽걸이
356,부산티비벽걸이설치
357,분당벽걸이tv설치
358,사무실청소업체
359,서울벽걸이tv설치
360,서울통돌이세탁기분해청소
361,세탁기에어컨청소
362,세탁기청소일산아지매
363,송도오피스텔청소
364,수원벽걸이tv설치
365,숨고벽걸이티비설치부산
366,숨고입주청소
367,스틸브로무타공벽걸이
368,시스템에어컨청소업체
369,신월동벽걸이티비설치
370,아기세탁기청소업체
371,아주대세탁기청소업체
372,안산벽걸이티비선정리
373,에어컨벽걸이청소
374,에어컨업체
375,에어컨이전설치비용
376,에어컨청소스탠드
377,에어콘청소
378,연신내벽걸이에어컨청소
379,우리집입주청소
380,의정부벽걸이티비설치
381,의정부에어컨청소
382,이사당일청소
383,이사청소업체금천구
384,인덕션설치
385,입주청소부산
386,입주청소비용18평
387,입주청소최저가
388,입주청소평당10000
389,제주벽걸이티비설치
390,죽전오피스텔청소가격
391,집청소업체
392,창원에어컨청소가격
393,창원홈케어
394,천안무타공벽걸이
395,천안입주청소
396,청소대행가격
397,충주시입주청소
398,클라쎄세탁기청소
399,통돌이세탁기청소금액
400,통돌이세탁기청소포항가격
401,티비무빙에어컨
402,평택벽걸이티비설치비용
403,한스클린탄성코트
404,1인용흡연부스
405,45평이사청소
406,49m2몇평입주청소
407,lg드럼세탁기청소서비스
408,tv벽걸이대전
409,tv벽걸이선정리39000
410,tv이전설치기사
411,가스온압보정기
412,가정용에어컨청소
413,강릉벽걸이tv
414,강서구이사당일청소
415,개봉역세탁기청소
416,견산리입주청소
417,경기도남동구입주청소
418,경기안양벽걸이tv시공
419,광주드럼세탁기청소
420,구미벽걸이tv설치비용
421,구미벽걸이티비설치
422,김석민입주청소
423,김포벽걸이tv
424,나노클린입주청소
425,남양주시입주청소
426,내홈입주청소
427,당일집청소
428,대구세탁기청소가격
429,대구에어컨청소가격
430,대리석벽걸이tv
431,대리석벽걸이티비
432,대전tv설치
433,대전드럼세탁기분해청소
434,대전벽걸이설치업체
435,대전벽걸이에어컨청소
436,대전에어컨청소가격
437,대전원룸에어컨청소
438,대전통돌이세탁기청소업체
439,드럼세탁기청소분해
440,마포벽걸이tv설치
441,매장용에어컨청소
442,메리메이드입주청소
443,무타공벽걸이tv시공가격
444,바른손케어
445,범계벽걸이티비설치
446,벽걸이led시계
447,벽걸이tv선정리
448,벽걸이tv설치고양동
449,벽걸이tv설치구미
450,벽걸이tv설치부산
451,벽걸이tv설치중계
452,벽걸이tv설치하남
453,벽걸이에어컨청소대전
454,벽걸이티비설치대구비용
455,벽걸이티비설치영등포
456,벽걸이티비설치하월곡동
457,벽걸이티비시공일산
458,벽걸이티비이전
459,벽걸이티비이전설치업체
460,부분홈케어서비스
461,부산tv선정리
462,부산드럼세탁기청소가격
463,부산드럼세탁기청소업체
464,부산벽걸이에어컨청소
465,부산벽걸이티비
466,부산벽걸이티비이전설치
467,부산선매립티비
468,부산티비
469,부천벽걸이tv선정리
470,부천에어컨분해청소
471,서울수서입주청소
472,성북구벽걸이tv설치
473,세탁기분해설치가격
474,세탁기에어컨분해청소
475,송도입주청소
476,수원에바크리닝
477,쉘리컴퍼니
478,스탠드에어컨
479,시스템에어컨청소
480,시스템에어컨청소금액
481,아파트주방청소업체
482,액자형벽걸이에어컨
483,양산시입주청소
484,양평에어컨분해청소
485,에어컨완전분해
486,에어컨청소업체가격
487,에어컨청소케어드림
488,에어콘청소교육하는곳
489,여수에어컨분해청소
490,영등포벽걸이tv설치
491,영주거주청소
492,영주주거청소
493,용인벽걸이티비
494,우리창고정글짐
495,워터클린
496,원룸에어컨청소
497,원주tv설치
498,의정부벽걸이tv선정리
499,의정부벽걸이티비설치가격
500,의정부저렴한입주청소
