ETC_Pop_Word,Ratio
에어컨청소,1.0
입주청소,0.5
에어컨설치,0.33
이사청소,0.25
벽걸이에어컨청소,0.2
분리수거대행,0.17
티비무빙,0.14
매트리스청소,0.12
벽걸이설치,0.11
에어컨설치비용,0.1
거주청소,0.09
한경희홈케어,0.08
tv벽걸이설치,0.08
에어컨이전설치,0.07
세탁기분해청소,0.07
에어컨청소가격,0.06
반딧불이새집증후군,0.06
에어컨분해청소,0.06
tv설치,0.05
매트리스케어,0.05
스탠드에어컨청소,0.05
신축입주청소,0.05
에어컨청소비용,0.04
인천에어컨설치,0.04
한샘홈케어,0.04
세탁기청소업체,0.04
화장실청소업체,0.04
벽걸이에어컨청소비용,0.04
부산에어컨청소,0.03
티비벽걸이설치,0.03
벽걸이에어컨청소업체,0.03
드럼세탁기청소업체,0.03
에어컨청소업체,0.03
통돌이세탁기분해청소,0.03
18평이사청소,0.03
한스클린,0.03
tv벽걸이시공,0.03
벽걸이에어컨이전설치,0.03
에어컨청소홈케어,0.03
이사청소가격,0.03
벽걸이tv설치,0.02
워터클린에어컨,0.02
냉난방기청소,0.02
워터클린에어컨청소,0.02
서울시가양동에어컨이전설치,0.02
통돌이세탁기청소업체,0.02
tv이전설치,0.02
대구에어컨청소,0.02
대전벽걸이티비설치,0.02
미소이사청소,0.02
벽걸이시공,0.02
벽걸이에어컨청소가격,0.02
세탁조청소업체,0.02
한샘에어컨청소,0.02
tv무빙,0.02
대구벽걸이tv설치,0.02
벽걸이tv시공,0.02
부산벽걸이티비설치,0.02
비아도,0.02
시스템에어컨청소,0.02
액자형에어컨청소,0.02
한경희입주청소,0.02
10평입주청소,0.02
가스온압보정기,0.02
경기도이사청소,0.02
드럼세탁기분해청소,0.02
매트리스청소예약,0.01
바이오세라믹탄성코트,0.01
부산에어컨청소가격,0.01
부산입주청소,0.01
삼성세탁기청소,0.01
삼성에어컨청소,0.01
서울입주청소,0.01
세탁기청소,0.01
신축아파트입주청소,0.01
엘지에어컨청소,0.01
온압보정기,0.01
원티비,0.01
출장세차,0.01
강동구하남세탁기청소,0.01
경주벽걸이tv,0.01
대리주부입주청소,0.01
미소입주청소,0.01
부산시스템에어컨청소,0.01
부평에어컨청소업체추천,0.01
빌트인세탁기청소,0.01
서울에어컨청소,0.01
입주청소-경산,0.01
입주청소성남,0.01
캐리어에어컨청소,0.01
한경희이사청소,0.01
30평입주청소,0.01
lg에어컨청소,0.01
냉난방기청소가격,0.01
대구입주청소,0.01
모래소독,0.01
벽걸이tv설치비,0.01
벽걸이에어컨분해청소,0.01
벽걸이티비설치,0.01
