Rank,Car_Pop_Word
1,차량용핸드폰거치대
2,차량용무선충전거치대
3,차량햇빛가리개
4,차량용선풍기
5,트렁크정리함
6,차량용휴대폰거치대
7,차량용청소기
8,차량용햇빛가리개
9,통풍시트
10,차량용냉장고
11,차량용공기청정기
12,차량용충전기
13,와이퍼
14,엔진오일
15,코일매트
16,차량용거치대
17,주차번호판
18,차량용목쿠션
19,차량용컵홀더
20,세차용품
21,물호스
22,차량핸드폰거치대
23,차량용태블릿거치대
24,알피쿨
25,불스원크리스탈코트플러스
26,자동차햇빛가리개
27,자동차통풍시트
28,워셔액
29,애프터블로우
30,아차키
31,차박매트
32,자동차코일매트
33,루프백
34,차량용무선충전기
35,요소수
36,캠핑냉장고
37,차박모기장
38,카샴푸
39,자동차에어컨필터
40,타이어
41,자동차용품
42,led바
43,차량용에어컨필터
44,자동차와이퍼
45,자동차유막제거제
46,루프박스
47,차량용핸드폰충전기
48,인버터
49,핸들커버
50,알피쿨t50
51,자동차광택기
52,대쉬보드커버
53,자동차목쿠션
54,차량용품
55,트렁크매트
56,차량용쓰레기통
57,자동차핸들커버
58,초보운전스티커
59,지크탑5w30
60,킥스파오5w30
61,햇빛가리개
62,bmw키케이스
63,광택기
64,세차버킷
65,고압분사기
66,마그네틱거치대
67,차량용스마트폰거치대
68,불스원샷
69,문콕방지가드
70,세차타월
71,인산철배터리
72,카매트
73,자동차앞유리햇빛가리개
74,하이글로씨코일매트
75,차박커튼
76,핸드폰차량거치대
77,차박용품
78,카멜레온360
79,자동차핸드폰거치대
80,스마트키케이스
81,타이어광택제
82,2355519
83,수축튜브
84,안전벨트클립
85,도어가드
86,키케이스
87,차량목쿠션
88,자동차트렁크정리함
89,킥스파오10w30
90,자동차배터리
91,알피쿨k25
92,차량용테이블
93,자동차매트
94,에프터블로우
95,세차용품세트
96,자전거캐리어
97,점프스타터
98,자석거치대
99,차량용휴지통
100,유막제거제
101,엔진룸크리너
102,주파집
103,자동차워셔액
104,2454518
105,차량컵홀더
106,계기판거치대
107,휠브러쉬
108,캠핑용냉장고
109,컴파운드
110,차량용인버터
111,자동차시트커버
112,무선에어건
113,자동차방석
114,차량선풍기
115,차량무선충전거치대
116,맥세이프차량용거치대
117,매직호스
118,차량용무선청소기
119,글라코유막제거제
120,차량커튼
121,자동차컵홀더
122,버그클리너
123,릴호스
124,크리스탈코트플러스
125,벤츠키케이스
126,자동차컴파운드
127,자동차전화번호판
128,유막제거
129,전기차충전기
130,문콕방지
131,아이오닉5
132,무선광택기
133,드라잉타월
134,차량용시거잭
135,기아엠블럼
136,차량용써큘레이터
137,차량용고속충전기
138,유리막코팅제
139,맥세이프거치대
140,차량청소기
141,차량용모기장
142,폼랜스
143,자동차쿨시트
144,쿨링시트
145,철분제거제
146,세븐골드5w30
147,에어컨필터
148,차량용커튼
149,차량용목베개
150,스티커제거제
151,안전벨트커버
152,버킷돌리
153,차량용테블릿거치대
154,차량냉장고
155,차량용서큘레이터
156,차량거치대
157,발수코팅
158,세차툴백
159,소낙스카샴푸
160,5w30
161,세차호스
162,자동차발수코팅
163,자동차키케이스
164,문콕방지도어가드
165,프리워시
166,2155517
167,멀티시거잭
168,자동차배터리충전기
169,레진
170,브레이크오일
171,기온쿼츠레더클리너
172,2356018
173,자동차스티커
174,알피쿨t60
175,자동차무선충전거치대
176,주행충전기
177,자동차허리쿠션
178,트렁크우산걸이
179,맥과이어uc
180,금호크루젠hp71
181,열수축튜브
182,차량모기장
183,미션오일
184,자동차세차용품
185,무선충전거치대
186,세차드라잉타월
187,자동차세차용품세트
188,차량태블릿거치대
189,자동차트렁크매트
190,자동차청소기
191,헤드라이트복원제
192,송풍구선풍기
193,ppf필름
194,자동차쿨링시트
195,기온쿼츠레더쉴드
196,연료첨가제
197,차량용우산형햇빛가리개
198,휴대폰차량용거치대
199,차량용냉온장고
200,차량63w고속충전기
201,기온쿼츠
202,쉘힐릭스울트라5w30
203,차량용자석거치대
204,쉘힐릭스울트라0w30
205,자동차커튼
206,자동차ppf필름
207,차량휴대폰거치대
208,크리스탈코트
209,유리발수코팅제
210,gv70
211,사이드미러방수필름
212,차량용에어건
213,베란다호스
214,시거잭
215,자동차철분제거제
216,논슬립패드
217,차량용사이드포켓
218,물분사기
219,자동차선풍기
220,코일호스
221,2255517
222,시거잭충전기
223,주파집차량용무선충전기
224,자동차주차번호판
225,자동차시트
226,차량용햇빛가리개우산
227,글라코
228,자동차점프스타터
229,루프바스켓
230,차량용방석
231,2454019
232,키플
233,세알남
234,팰리세이드트렁크매트
235,자동차커버
236,기아신형엠블럼
237,샤오미차량용청소기
238,산화세륨
239,트렁크모기장
240,헤드레스트거치대
241,타이어공기압주입기
242,로드몬스터
243,차량용통풍시트
244,자동차도어가드
245,한국타이어벤투스s2as
246,가죽클리너
247,소낙스익스트림휠크리너
248,차키케이스
249,차량용맥세이프
250,컵홀더거치대
251,송풍구거치대
252,차량용냉동고
253,아이트로닉스애프터블로우
254,알칸타라핸들커버
255,차량전화번호판
256,카테크무선광택기
257,신지모루거치대
258,차량용커피포트
259,스타렉스모기장
260,엔진오일첨가제
261,휴대폰15w거치대
262,세차가방
263,세차타올
264,차량앞유리햇빛가리개
265,캠핑냉동고
266,더클래스클린앤코트
267,에스오일세븐골드
268,금호마제스티9
269,마프라휠앤타이어
270,자동차거치대
271,차량용시계
272,무시동히터
273,부동액
274,차량스티커
275,kixxpao5w30
276,유리세정제
277,6d카매트
278,다르다인버터
279,자동차쓰레기통
280,소낙스
281,자동차휴대폰거치대
282,페인트클렌져
283,킥매트
284,지크제로0w30
285,2254518
286,차량용자전거캐리어
287,다이소차량용선풍기
288,순수정현파인버터
289,워터건
290,차량용재떨이
291,물호수
292,디젤엔진오일
293,휠크리너
294,차박에어매트
295,루젠더블카매트
296,차량63w충전기
297,케민냉장고
298,금호마제스티92454518
299,차량용허리쿠션
300,지크제로0w20
301,cd슬롯거치대
302,대시보드커버
303,에코후레쉬차량용거치대
304,자동차왁스
305,버그크리너
306,차량용헤드레스트거치대
307,폰qc거치대
308,kixxpao10w30
309,2055516
310,랩핑지
311,자동차유리세정제
312,카페인트
313,검아웃
314,보쉬와이퍼
315,워시미트
316,세차브러쉬
317,방수코팅필름
318,자동차에어컨냉매
319,lg에어컨필터
320,자동차태블릿거치대
321,아우디키케이스
322,엔진오일합성유
323,자동차랩핑지
324,차햇빛가리개
325,대쉬보드거치대
326,셀프세차용품
327,폴리셔
328,유록스요소수
329,디테일링브러쉬
330,차량쓰레기통
331,차량용스티커
332,맥세이프차량용
333,신지모루
334,헤드라이트복원
335,차량용송풍구거치대
336,아임반
337,차량용노트북거치대
338,차량용에어매트
339,bmw디스플레이키케이스
340,송풍구차량용선풍기
341,브레이크패드
342,차량용옷걸이
343,차량에어컨필터
344,엔진룸클리너
345,요요호스
346,12v선풍기
347,자동차붓펜
348,바람방석
349,차량공기청정기
350,디젤요소수
351,자동차여름방석
352,사이드포켓
353,대시보드거치대
354,자동차밧데리
355,bmw악세사리
356,스타리아
357,gv70트렁크매트
358,k8
359,쏘렌토mq4용품
360,차량매트
361,의자목쿠션
362,차량용우산걸이
363,옥탄부스터
364,세차세트
365,차량통풍시트
366,태블릿차량거치대
367,모델3선쉐이드
368,2056016
369,자동차물왁스
370,차량용놀이방매트
371,2356017
372,퀵디테일러
373,호수
374,휴대용냉장고
375,차량용환풍기
376,올뉴카니발사이드스텝
377,툴레루프박스
378,베이스어스
379,2056516
380,rid
381,지크탑
382,케미컬가이
383,파워핸들
384,tpms
385,듀얼차량충전기
386,휠세정제
387,디젤연료첨가제
388,3m컴파운드
389,세븐골드
390,오일필터
391,금호솔루스ta31
392,0w20
393,차량방석
394,차량용멀티소켓
395,메이튼고충2
396,아임반콘솔쿠션
397,자동차루프백
398,차량광택기
399,금호타이어
400,인포카
401,물왁스
402,발수코팅제
403,헤드레스트
404,벨로스터n
405,에탄올워셔액
406,폼포나치
407,노르디스크스티커
408,cd핸드폰거치대
409,차량휴지통
410,카커튼
411,3d루프백
412,글라코발수코팅
413,초보운전
414,카테크
415,킥스파오
416,태양광충전기
417,와이퍼리필고무
418,자동차문콕방지
419,테슬라거치대
420,기온쿼츠레더코트
421,차량테이블
422,번호판가드
423,자동차여름시트
424,바인더프리워시
425,버핑타월
426,센서차량무선거치대
427,알피쿨tww
428,알피쿨냉장고
429,18인치휠
430,1956515
431,맥과이어컴파운드
432,알피쿨t36
433,차량용후크
434,가정용에어컴프레셔
435,듀얼고속차량충전기
436,인핸스
437,고압세차건
438,킥스g15w30
439,룸미러
440,툴레자전거캐리어
441,킥스파오1
442,모비쿨
443,쏘렌토트렁크매트
444,차팡트렁크매트
445,포터2에어컨필터
446,루젠더블하니컴
447,맥세이프차량용충전기
448,카본시트지
449,2556018
450,분사기
451,운전석햇빛가리개
452,퓨어스타드라잉타월
453,무선폴리셔
454,미니쿠퍼악세사리
455,자동차유리복원
456,차량용계기판거치대
457,냉각수첨가제
458,스타나다인
459,열차단필름
460,엔진코팅제
461,차량햇빛가리개우산
462,스타나다인디젤
463,워터골드cc
464,2354518
465,아이오닉5트렁크매트
466,gv70키케이스
467,인산철주행충전기
468,자동차벌레제거
469,보쉬에어로트윈
470,불스원와이퍼
471,엔진오일필터
472,콘솔쿠션
473,올뉴카니발차박매트
474,휠클리너
475,킥스파오10w40
476,자동차스마트폰거치대
477,레이평탄화
478,미쉐린타이어
479,안전벨트연장클립
480,자동차썬팅
481,앙쿠몰
482,자동차냉장고
483,휴대용청소기
484,가죽키케이스
485,차량무선충전기
486,사이드미러보조거울
487,차량번호판
488,가로바
489,차키홀더
490,카니발모기장
491,하이글로씨가죽트렁크매트
492,벤딕트
493,자동차모기장
494,차량용마그네틱거치대
495,초보운전자석스티커
496,led스트립
497,레자왁스
498,펠리세이드트렁크매트
499,시트커버
500,자동차전화번호
